{
  "dataset": "SPMotif_0.9",
  "model": "CAL",
  "backbone": "GIN_encoder",
  "compression_ratio_mean": 0.19704847848776905,
  "compression_ratio_std": 0.04072272224108637,
  "total_bits_mean": 624.6288984545467,
  "total_bits_std": 129.08797535881055,
  "uniform_bits": 3169.9250014423124,
  "num_seeds": 3,
  "per_seed": {
    "28": {
      "compression_ratio": 0.25453715094441676,
      "total_bits": 806.8636785746023,
      "bits_per_sample": 0.40343183928730114,
      "block_nll_nats": [
        18.615392684936523,
        170.93155670166016,
        27.163790941238403,
        127.9805639386177,
        166.73733209073544,
        12.691054305643775
      ],
      "cumulative_bits": [
        50.718800023076994,
        77.5751347338356,
        324.1772439187514,
        363.3663104014206,
        548.0032353258373,
        788.5543574641976,
        806.8636785746023
      ],
      "timesteps": [
        32,
        64,
        128,
        256,
        512,
        1024,
        2000
      ]
    },
    "1999": {
      "compression_ratio": 0.17127054824417012,
      "total_bits": 542.9147928899266,
      "bits_per_sample": 0.2714573964449633,
      "block_nll_nats": [
        46.01881790161133,
        24.299166679382324,
        63.719117760658264,
        135.76031613349915,
        63.77210257947445,
        7.594743683934212
      ],
      "cumulative_bits": [
        50.718800023076994,
        117.10992039730391,
        152.16620766338312,
        244.09346286650467,
        439.95419770182184,
        531.957893840292,
        542.9147928899266
      ],
      "timesteps": [
        32,
        64,
        128,
        256,
        512,
        1024,
        2000
      ]
    },
    "1130": {
      "compression_ratio": 0.16533773627472026,
      "total_bits": 524.1082238991113,
      "bits_per_sample": 0.26205411194955563,
      "block_nll_nats": [
        25.38459014892578,
        29.224804162979126,
        100.90577602386475,
        45.171177059412,
        115.41742902994156,
        12.024768041446805
      ],
      "cumulative_bits": [
        50.718800023076994,
        87.34102234593105,
        129.50350238281217,
        275.0797650494943,
        340.2479981842253,
        506.7601506778759,
        524.1082238991113
      ],
      "timesteps": [
        32,
        64,
        128,
        256,
        512,
        1024,
        2000
      ]
    }
  }
}