{
  "dataset": "SPMotif_0.9",
  "model": "CEL",
  "backbone": "GraphGPS_encoder",
  "compression_ratio_mean": 0.0688133855091164,
  "compression_ratio_std": 0.005423668614768039,
  "total_bits_mean": 218.13327115923616,
  "total_bits_std": 17.192622741491196,
  "uniform_bits": 3169.9250014423124,
  "num_seeds": 3,
  "per_seed": {
    "28": {
      "compression_ratio": 0.07113187123523582,
      "total_bits": 225.48269702794926,
      "bits_per_sample": 0.11274134851397463,
      "block_nll_nats": [
        18.549510955810547,
        16.174835681915283,
        14.001320004463196,
        3.131660047918558,
        57.06988684926182,
        12.209888933226466
      ],
      "cumulative_bits": [
        50.718800023076994,
        77.48008748994036,
        100.81544271543339,
        121.01507765177189,
        125.53310807265409,
        207.8675508141784,
        225.48269702794926
      ],
      "timesteps": [
        32,
        64,
        128,
        256,
        512,
        1024,
        2000
      ]
    },
    "1999": {
      "compression_ratio": 0.06132225984411182,
      "total_bits": 194.386964624792,
      "bits_per_sample": 0.097193482312396,
      "block_nll_nats": [
        27.6982479095459,
        7.548211097717285,
        63.11798311024904,
        0.3951952178031206,
        0.4470222946256399,
        0.3765235999599099
      ],
      "cumulative_bits": [
        50.718800023076994,
        90.67892492349196,
        101.56869164175173,
        192.62869286582136,
        193.19883904672895,
        193.84375589435217,
        194.386964624792
      ],
      "timesteps": [
        32,
        64,
        128,
        256,
        512,
        1024,
        2000
      ]
    },
    "1130": {
      "compression_ratio": 0.07398602544800155,
      "total_bits": 234.53015182496725,
      "bits_per_sample": 0.11726507591248363,
      "block_nll_nats": [
        13.94214153289795,
        62.2581262588501,
        40.315826922655106,
        3.227486878633499,
        7.517273145727813,
        0.14746551762800664
      ],
      "cumulative_bits": [
        50.718800023076994,
        70.83305847196091,
        160.6525484806429,
        218.81599205129518,
        223.47227136563393,
        234.3174040539832,
        234.53015182496725
      ],
      "timesteps": [
        32,
        64,
        128,
        256,
        512,
        1024,
        2000
      ]
    }
  }
}