{
  "dataset": "SPMotif_0.7",
  "model": "CEL",
  "backbone": "GIN_encoder",
  "compression_ratio_mean": 0.2563943269966816,
  "compression_ratio_std": 0.01742662054581098,
  "total_bits_mean": 812.7507873747568,
  "total_bits_std": 55.241080158814455,
  "uniform_bits": 3169.9250014423124,
  "num_seeds": 3,
  "per_seed": {
    "28": {
      "compression_ratio": 0.2687568814073231,
      "total_bits": 851.9391576827401,
      "bits_per_sample": 0.42596957884137004,
      "block_nll_nats": [
        140.94644165039062,
        167.63256072998047,
        202.7816867828369,
        8.63948991894722,
        35.05259430408478,
        0.3108585327863693
      ],
      "cumulative_bits": [
        50.718800023076994,
        254.0615324230412,
        495.904196479702,
        788.4563303844,
        800.9204796462753,
        851.4906836190712,
        851.9391576827401
      ],
      "timesteps": [
        32,
        64,
        128,
        256,
        512,
        1024,
        2000
      ]
    },
    "1999": {
      "compression_ratio": 0.26867669222194507,
      "total_bits": 851.6849639791649,
      "bits_per_sample": 0.4258424819895824,
      "block_nll_nats": [
        289.6902160644531,
        126.75782585144043,
        106.2880802154541,
        32.05705666542053,
        0.3236566772684455,
        0.07060279604047537
      ],
      "cumulative_bits": [
        50.718800023076994,
        468.65343813331583,
        651.5263248830558,
        804.8676111154998,
        851.1161677921986,
        851.5831056754444,
        851.6849639791649
      ],
      "timesteps": [
        32,
        64,
        128,
        256,
        512,
        1024,
        2000
      ]
    },
    "1130": {
      "compression_ratio": 0.2317494073607767,
      "total_bits": 734.6282404623652,
      "bits_per_sample": 0.3673141202311826,
      "block_nll_nats": [
        25.956832885742188,
        129.44044876098633,
        236.76783752441406,
        74.07643413543701,
        7.641872271895409,
        0.16647482034750283
      ],
      "cumulative_bits": [
        50.718800023076994,
        88.16659410452081,
        274.9096876224378,
        616.4934726609138,
        723.3631768348466,
        734.388068064617,
        734.6282404623652
      ],
      "timesteps": [
        32,
        64,
        128,
        256,
        512,
        1024,
        2000
      ]
    }
  }
}