{
  "dataset": "SPMotif_0.7",
  "model": "ICL",
  "backbone": "GraphGPS_encoder",
  "compression_ratio_mean": 0.12954782048035376,
  "compression_ratio_std": 0.04603561837437705,
  "total_bits_mean": 410.6568750230338,
  "total_bits_std": 145.92945764179493,
  "uniform_bits": 3169.9250014423124,
  "num_seeds": 3,
  "per_seed": {
    "28": {
      "compression_ratio": 0.09673973957875208,
      "total_bits": 306.6577191237046,
      "bits_per_sample": 0.1533288595618523,
      "block_nll_nats": [
        57.17372131347656,
        44.486974239349365,
        10.561843797564507,
        63.154285192489624,
        0.94620381295681,
        1.0803118143230677
      ],
      "cumulative_bits": [
        50.718800023076994,
        133.20304423119728,
        197.3841813504617,
        212.62170101985186,
        303.73407507794394,
        305.099158626567,
        306.6577191237046
      ],
      "timesteps": [
        32,
        64,
        128,
        256,
        512,
        1024,
        2000
      ]
    },
    "1999": {
      "compression_ratio": 0.19465134357042288,
      "total_bits": 617.0301605482208,
      "bits_per_sample": 0.3085150802741104,
      "block_nll_nats": [
        18.220298767089844,
        206.4359359741211,
        26.355321884155273,
        137.27137279510498,
        3.4825082570314407,
        0.7716851895675063
      ],
      "cumulative_bits": [
        50.718800023076994,
        77.0051346978728,
        374.82923578900886,
        412.85192797231207,
        610.8926567598302,
        615.9168541521043,
        617.0301605482208
      ],
      "timesteps": [
        32,
        64,
        128,
        256,
        512,
        1024,
        2000
      ]
    },
    "1130": {
      "compression_ratio": 0.09725237829188633,
      "total_bits": 308.2827453971761,
      "bits_per_sample": 0.15414137269858805,
      "block_nll_nats": [
        52.66733169555664,
        52.141469955444336,
        59.0326030254364,
        1.852101668715477,
        12.16566887870431,
        0.6705473260954022
      ],
      "cumulative_bits": [
        50.718800023076994,
        126.70169827711068,
        201.9259384064911,
        287.091982042055,
        289.763999934733,
        307.3153500951369,
        308.2827453971761
      ],
      "timesteps": [
        32,
        64,
        128,
        256,
        512,
        1024,
        2000
      ]
    }
  }
}