{
  "dataset": "IMDB-MULTI",
  "model": "CEL",
  "backbone": "GraphGPS_encoder",
  "compression_ratio_mean": 1.0255190349049632,
  "compression_ratio_std": 0.015250591890129919,
  "total_bits_mean": 2438.1138211501757,
  "total_bits_std": 36.25742438948725,
  "uniform_bits": 2377.4437510817343,
  "num_seeds": 3,
  "per_seed": {
    "28": {
      "compression_ratio": 1.0467099365644867,
      "total_bits": 2488.4939978803977,
      "bits_per_sample": 1.6589959985869318,
      "block_nll_nats": [
        122.7645034790039,
        84.11174392700195,
        175.20898628234863,
        288.405065536499,
        537.4026222229004,
        481.84408378601074
      ],
      "cumulative_bits": [
        50.718800023076994,
        227.83054038943183,
        349.17813623343994,
        601.9512718621668,
        1018.0318296789304,
        1793.3399277206338,
        2488.4939978803977
      ],
      "timesteps": [
        32,
        64,
        128,
        256,
        512,
        1024,
        1500
      ]
    },
    "1999": {
      "compression_ratio": 1.0183992271295508,
      "total_bits": 2421.1868786456184,
      "bits_per_sample": 1.6141245857637456,
      "block_nll_nats": [
        61.953094482421875,
        88.4642219543457,
        198.49178314208984,
        303.6730537414551,
        511.08262062072754,
        479.4184913635254
      ],
      "cumulative_bits": [
        50.718800023076994,
        140.09822220059243,
        267.7251165102275,
        554.0882277065281,
        992.195836390933,
        1729.5321986449921,
        2421.1868786456184
      ],
      "timesteps": [
        32,
        64,
        128,
        256,
        512,
        1024,
        1500
      ]
    },
    "1130": {
      "compression_ratio": 1.0114479410208521,
      "total_bits": 2404.6605869245113,
      "bits_per_sample": 1.6031070579496742,
      "block_nll_nats": [
        80.19386291503906,
        74.78911972045898,
        153.5909938812256,
        271.23783683776855,
        559.1474742889404,
        492.66882514953613
      ],
      "cumulative_bits": [
        50.718800023076994,
        166.4140883603332,
        274.31198049349035,
        495.89694569114164,
        887.2104277984402,
        1693.8897160806837,
        2404.6605869245113
      ],
      "timesteps": [
        32,
        64,
        128,
        256,
        512,
        1024,
        1500
      ]
    }
  }
}