{
  "dataset": "SPMotif_0.7",
  "model": "CAL",
  "backbone": "GIN_encoder",
  "compression_ratio_mean": 0.4493775952848151,
  "compression_ratio_std": 0.22750198106173206,
  "total_bits_mean": 1424.4932743813606,
  "total_bits_std": 721.16421764524,
  "uniform_bits": 3169.9250014423124,
  "num_seeds": 3,
  "per_seed": {
    "28": {
      "compression_ratio": 0.7668292813908361,
      "total_bits": 2430.7913109188535,
      "bits_per_sample": 1.2153956554594267,
      "block_nll_nats": [
        91.9039077758789,
        323.62303924560547,
        153.004976272583,
        136.65510940551758,
        0.4347986551001668,
        944.1187191009521
      ],
      "cumulative_bits": [
        50.718800023076994,
        183.30811200965414,
        650.1974658467035,
        870.9369863464925,
        1068.0886349979714,
        1068.7159168614696,
        2430.7913109188535
      ],
      "timesteps": [
        32,
        64,
        128,
        256,
        512,
        1024,
        2000
      ]
    },
    "1999": {
      "compression_ratio": 0.33597335107664134,
      "total_bits": 1065.0103253962009,
      "bits_per_sample": 0.5325051626981004,
      "block_nll_nats": [
        47.61545944213867,
        100.65265083312988,
        412.81402587890625,
        141.16230726242065,
        0.4242308046668768,
        0.38463685696478933
      ],
      "cumulative_bits": [
        50.718800023076994,
        119.41338722990002,
        264.62446743918485,
        860.1892153840911,
        1063.8433760320295,
        1064.4554117101147,
        1065.0103253962009
      ],
      "timesteps": [
        32,
        64,
        128,
        256,
        512,
        1024,
        2000
      ]
    },
    "1130": {
      "compression_ratio": 0.24533015338696795,
      "total_bits": 777.6781868290271,
      "bits_per_sample": 0.38883909341451356,
      "block_nll_nats": [
        20.31904411315918,
        190.8585662841797,
        150.32363319396973,
        141.33628273010254,
        0.7136601749807596,
        0.3386628497391939
      ],
      "cumulative_bits": [
        50.718800023076994,
        80.03298420073583,
        355.38369129009936,
        572.2548514274511,
        776.1600056198504,
        777.1895996151751,
        777.6781868290271
      ],
      "timesteps": [
        32,
        64,
        128,
        256,
        512,
        1024,
        2000
      ]
    }
  }
}