{
  "dataset": "SPMotif_0.7",
  "model": "GNN",
  "backbone": "GIN_encoder",
  "compression_ratio_mean": 0.4424756840436131,
  "compression_ratio_std": 0.22983242530134596,
  "total_bits_mean": 1402.6147333801382,
  "total_bits_std": 728.5515511048592,
  "uniform_bits": 3169.9250014423124,
  "num_seeds": 3,
  "per_seed": {
    "28": {
      "compression_ratio": 0.24181927969611683,
      "total_bits": 766.548980539492,
      "bits_per_sample": 0.383274490269746,
      "block_nll_nats": [
        53.7791633605957,
        142.99285888671875,
        200.34002304077148,
        39.89557242393494,
        58.203878939151764,
        0.9641747334972024
      ],
      "cumulative_bits": [
        50.718800023076994,
        128.30573230656586,
        334.6008207049704,
        623.630378437472,
        681.1875229269094,
        765.1579704329253,
        766.548980539492
      ],
      "timesteps": [
        32,
        64,
        128,
        256,
        512,
        1024,
        2000
      ]
    },
    "1999": {
      "compression_ratio": 0.321360504908281,
      "total_bits": 1018.6886989848848,
      "bits_per_sample": 0.5093443494924424,
      "block_nll_nats": [
        57.053836822509766,
        52.53595161437988,
        173.38609313964844,
        25.660906046628952,
        360.6697006225586,
        1.6391180865466595
      ],
      "cumulative_bits": [
        50.718800023076994,
        133.03008747059997,
        208.82344433304837,
        458.96670106473107,
        495.98756296292026,
        1016.3239514499926,
        1018.6886989848848
      ],
      "timesteps": [
        32,
        64,
        128,
        256,
        512,
        1024,
        2000
      ]
    },
    "1130": {
      "compression_ratio": 0.7642472675264415,
      "total_bits": 2422.6065206160383,
      "bits_per_sample": 1.2113032603080192,
      "block_nll_nats": [
        27.85365867614746,
        296.45262145996094,
        183.66114044189453,
        218.87347507476807,
        721.5205326080322,
        195.70585787296295
      ],
      "cumulative_bits": [
        50.718800023076994,
        90.90313526576878,
        518.5938621045875,
        783.5608786241203,
        1099.3285556966223,
        2140.262649989794,
        2422.6065206160383
      ],
      "timesteps": [
        32,
        64,
        128,
        256,
        512,
        1024,
        2000
      ]
    }
  }
}