{
  "dataset": "SPMotif_0.7",
  "model": "GNN",
  "backbone": "GraphGPS_encoder",
  "compression_ratio_mean": 0.08665205776622946,
  "compression_ratio_std": 0.040588752225641955,
  "total_bits_mean": 274.68052433959423,
  "total_bits_std": 128.66330045740975,
  "uniform_bits": 3169.9250014423124,
  "num_seeds": 3,
  "per_seed": {
    "28": {
      "compression_ratio": 0.12883985126116487,
      "total_bits": 408.4126656948754,
      "bits_per_sample": 0.2042063328474377,
      "block_nll_nats": [
        76.05496978759766,
        12.883835315704346,
        10.780912607908249,
        9.149533778429031,
        133.20452091284096,
        5.860722091514617
      ],
      "cumulative_bits": [
        50.718800023076994,
        160.44292777060406,
        179.0303730882008,
        194.58394224388735,
        207.78392925247297,
        399.95743099741884,
        408.4126656948754
      ],
      "timesteps": [
        32,
        64,
        128,
        256,
        512,
        1024,
        2000
      ]
    },
    "1999": {
      "compression_ratio": 0.0318489223611868,
      "total_bits": 100.95869526172115,
      "bits_per_sample": 0.05047934763086057,
      "block_nll_nats": [
        9.039149284362793,
        12.984890937805176,
        10.99315458536148,
        1.3528284654021263,
        0.33781412802636623,
        0.11580433533526957
      ],
      "cumulative_bits": [
        50.718800023076994,
        63.75953586948222,
        82.4927736319378,
        98.35254323596457,
        100.30426215417364,
        100.79162492141951,
        100.95869526172115
      ],
      "timesteps": [
        32,
        64,
        128,
        256,
        512,
        1024,
        2000
      ]
    },
    "1130": {
      "compression_ratio": 0.09926739967633672,
      "total_bits": 314.67021206218624,
      "bits_per_sample": 0.15733510603109313,
      "block_nll_nats": [
        26.949607849121094,
        52.311187744140625,
        88.0573194026947,
        12.33591741323471,
        3.2131368941627443,
        0.09000775637105107
      ],
      "cumulative_bits": [
        50.718800023076994,
        89.59886562090628,
        165.06795676238949,
        292.10781477863264,
        309.9047816555222,
        314.54035831842816,
        314.67021206218624
      ],
      "timesteps": [
        32,
        64,
        128,
        256,
        512,
        1024,
        2000
      ]
    }
  }
}