{
  "dataset": "SPMotif_0.7",
  "model": "ICL",
  "backbone": "GIN_encoder",
  "compression_ratio_mean": 1.3346659137392187,
  "compression_ratio_std": 1.0556697755060374,
  "total_bits_mean": 4230.790848534798,
  "total_bits_std": 3346.394014643581,
  "uniform_bits": 3169.9250014423124,
  "num_seeds": 3,
  "per_seed": {
    "28": {
      "compression_ratio": 0.8331493056383665,
      "total_bits": 2641.0208138773605,
      "bits_per_sample": 1.3205104069386802,
      "block_nll_nats": [
        72.97549438476562,
        259.0668640136719,
        209.0662078857422,
        820.1029052734375,
        9.555670529603958,
        424.693395614624
      ],
      "cumulative_bits": [
        50.718800023076994,
        156.00018387839876,
        529.7546638495786,
        831.3734451838,
        2014.5318396404195,
        2028.317758125848,
        2641.0208138773605
      ],
      "timesteps": [
        32,
        64,
        128,
        256,
        512,
        1024,
        2000
      ]
    },
    "1999": {
      "compression_ratio": 0.3676316117911058,
      "total_bits": 1165.3646375371607,
      "bits_per_sample": 0.5826823187685803,
      "block_nll_nats": [
        29.01926612854004,
        305.41910552978516,
        136.04581451416016,
        233.83675956726074,
        21.682900726795197,
        46.60977312922478
      ],
      "cumulative_bits": [
        50.718800023076994,
        92.58475135695878,
        533.2113802975229,
        729.4840022308015,
        1066.8391356360335,
        1098.1209489866685,
        1165.3646375371607
      ],
      "timesteps": [
        32,
        64,
        128,
        256,
        512,
        1024,
        2000
      ]
    },
    "1130": {
      "compression_ratio": 2.803216823788184,
      "total_bits": 8885.987094189873,
      "bits_per_sample": 4.442993547094937,
      "block_nll_nats": [
        16.58208465576172,
        180.8960723876953,
        391.4255599975586,
        191.46864318847656,
        176.32970023155212,
        5167.439247131348
      ],
      "cumulative_bits": [
        50.718800023076994,
        74.6416913235454,
        335.61955787356436,
        900.3272721592275,
        1176.558134172981,
        1430.9481182584786,
        8885.987094189873
      ],
      "timesteps": [
        32,
        64,
        128,
        256,
        512,
        1024,
        2000
      ]
    }
  }
}