{
  "dataset": "SPMotif_0.7",
  "model": "CAL",
  "backbone": "GraphGPS_encoder",
  "compression_ratio_mean": 0.11019407758310168,
  "compression_ratio_std": 0.016947063715910506,
  "total_bits_mean": 349.3069615415479,
  "total_bits_std": 53.72092097410057,
  "uniform_bits": 3169.9250014423124,
  "num_seeds": 3,
  "per_seed": {
    "28": {
      "compression_ratio": 0.11973666474228625,
      "total_bits": 379.5562471558894,
      "bits_per_sample": 0.1897781235779447,
      "block_nll_nats": [
        74.05182647705078,
        36.8702335357666,
        13.435829654335976,
        0.8801967538893223,
        102.42682456970215,
        0.26783835189417005
      ],
      "cumulative_bits": [
        50.718800023076994,
        157.55300285028818,
        210.74550592875661,
        230.129310741296,
        231.3991662331387,
        379.1698380938518,
        379.5562471558894
      ],
      "timesteps": [
        32,
        64,
        128,
        256,
        512,
        1024,
        2000
      ]
    },
    "1999": {
      "compression_ratio": 0.124462445912764,
      "total_bits": 394.5366190395321,
      "bits_per_sample": 0.19726830951976607,
      "block_nll_nats": [
        20.258554458618164,
        180.2563247680664,
        33.404043197631836,
        3.9037558138370514,
        0.16064913012087345,
        0.3330245092511177
      ],
      "cumulative_bits": [
        50.718800023076994,
        79.94571607610442,
        340.00062190786423,
        388.1924693747284,
        393.82439852819255,
        394.05616623154106,
        394.5366190395321
      ],
      "timesteps": [
        32,
        64,
        128,
        256,
        512,
        1024,
        2000
      ]
    },
    "1130": {
      "compression_ratio": 0.08638312209425482,
      "total_bits": 273.82801842922214,
      "bits_per_sample": 0.13691400921461108,
      "block_nll_nats": [
        35.10552215576172,
        88.77688598632812,
        23.281732201576233,
        6.97245480120182,
        0.20413316041231155,
        0.30679738987237215
      ],
      "cumulative_bits": [
        50.718800023076994,
        101.36536274501205,
        229.44333590305254,
        263.03177549357144,
        273.0909014580877,
        273.38540335629557,
        273.82801842922214
      ],
      "timesteps": [
        32,
        64,
        128,
        256,
        512,
        1024,
        2000
      ]
    }
  }
}