{
  "dataset": "SPMotif_0.7",
  "model": "CEL",
  "backbone": "GraphGPS_encoder",
  "compression_ratio_mean": 0.10613278957546578,
  "compression_ratio_std": 0.05874538140655752,
  "total_bits_mean": 336.432983148085,
  "total_bits_std": 186.21845323991104,
  "uniform_bits": 3169.9250014423124,
  "num_seeds": 3,
  "per_seed": {
    "28": {
      "compression_ratio": 0.07365266869809578,
      "total_bits": 233.47343592904141,
      "bits_per_sample": 0.1167367179645207,
      "block_nll_nats": [
        83.34383392333984,
        17.936511516571045,
        22.936607480049133,
        1.7296224385499954,
        0.674763560295105,
        0.0545216936734505
      ],
      "cumulative_bits": [
        50.718800023076994,
        170.95853591295275,
        196.8354521287576,
        229.92598199504118,
        232.42129970974753,
        233.39477775195786,
        233.47343592904141
      ],
      "timesteps": [
        32,
        64,
        128,
        256,
        512,
        1024,
        2000
      ]
    },
    "1999": {
      "compression_ratio": 0.056151168777969176,
      "total_bits": 177.99499376949146,
      "bits_per_sample": 0.08899749688474573,
      "block_nll_nats": [
        26.792720794677734,
        25.11219596862793,
        26.477908849716187,
        9.601926665753126,
        0.15869872365146875,
        0.07768384530209005
      ],
      "cumulative_bits": [
        50.718800023076994,
        89.37252544548116,
        125.6017660352525,
        163.80131382584804,
        177.65396580950957,
        177.88291967111695,
        177.99499376949146
      ],
      "timesteps": [
        32,
        64,
        128,
        256,
        512,
        1024,
        2000
      ]
    },
    "1130": {
      "compression_ratio": 0.18859453125033238,
      "total_bits": 597.8305197457221,
      "bits_per_sample": 0.29891525987286105,
      "block_nll_nats": [
        55.91964340209961,
        244.9026336669922,
        74.84736973047256,
        2.8826748058199883,
        0.4315061252564192,
        0.24511824641376734
      ],
      "cumulative_bits": [
        50.718800023076994,
        131.39379224756533,
        484.7136073395815,
        592.6955364733169,
        596.854357120169,
        597.4768888671896,
        597.8305197457221
      ],
      "timesteps": [
        32,
        64,
        128,
        256,
        512,
        1024,
        2000
      ]
    }
  }
}