{
  "dataset": "SPMotif_0.5",
  "model": "GNN",
  "backbone": "GIN_encoder",
  "compression_ratio_mean": 0.4748528323520405,
  "compression_ratio_std": 0.15006610993091057,
  "total_bits_mean": 1505.2478652784282,
  "total_bits_std": 475.69831373918385,
  "uniform_bits": 3169.9250014423124,
  "num_seeds": 3,
  "per_seed": {
    "28": {
      "compression_ratio": 0.6770320974938742,
      "total_bits": 2146.1409726247607,
      "bits_per_sample": 1.0730704863123803,
      "block_nll_nats": [
        68.3473129272461,
        105.23276901245117,
        148.5746192932129,
        34.46309792995453,
        38.412591338157654,
        1057.4055805206299
      ],
      "cumulative_bits": [
        50.718800023076994,
        149.3231294413011,
        301.1419234345782,
        515.4897898908621,
        565.2095303680782,
        620.6271853993326,
        2146.1409726247607
      ],
      "timesteps": [
        32,
        64,
        128,
        256,
        512,
        1024,
        2000
      ]
    },
    "1999": {
      "compression_ratio": 0.3178846297857729,
      "total_bits": 1007.6704355321552,
      "bits_per_sample": 0.5038352177660776,
      "block_nll_nats": [
        57.28255081176758,
        64.67528533935547,
        507.50662994384766,
        26.384676456451416,
        7.094247132539749,
        0.36493840138427913
      ],
      "cumulative_bits": [
        50.718800023076994,
        133.36005200868414,
        226.66676543585095,
        958.8440636741102,
        996.9091055532924,
        1007.1439407102482,
        1007.6704355321552
      ],
      "timesteps": [
        32,
        64,
        128,
        256,
        512,
        1024,
        2000
      ]
    },
    "1130": {
      "compression_ratio": 0.4296417697764745,
      "total_bits": 1361.9321876783686,
      "bits_per_sample": 0.6809660938391843,
      "block_nll_nats": [
        36.25372314453125,
        336.9258575439453,
        376.6172752380371,
        157.28625059127808,
        1.4894194174557924,
        0.29133683047257364
      ],
      "cumulative_bits": [
        50.718800023076994,
        103.02186661745367,
        589.1031304433649,
        1132.4470057423948,
        1359.3630994704504,
        1361.5118774778175,
        1361.9321876783686
      ],
      "timesteps": [
        32,
        64,
        128,
        256,
        512,
        1024,
        2000
      ]
    }
  }
}