{
  "dataset": "SPMotif_0.5",
  "model": "ICL",
  "backbone": "GIN_encoder",
  "compression_ratio_mean": 1.0163532367766257,
  "compression_ratio_std": 0.4156966836838865,
  "total_bits_mean": 3221.7635355550447,
  "total_bits_std": 1317.7273106262082,
  "uniform_bits": 3169.9250014423124,
  "num_seeds": 3,
  "per_seed": {
    "28": {
      "compression_ratio": 1.2982141621279484,
      "total_bits": 4115.241529755867,
      "bits_per_sample": 2.0576207648779334,
      "block_nll_nats": [
        59.8293342590332,
        142.87691497802734,
        132.58353424072266,
        694.4769592285156,
        224.3564863204956,
        1563.1892414093018
      ],
      "cumulative_bits": [
        50.718800023076994,
        137.03428385827237,
        343.16210055458646,
        534.4397079072091,
        1536.3581729978355,
        1860.036163203687,
        4115.241529755867
      ],
      "timesteps": [
        32,
        64,
        128,
        256,
        512,
        1024,
        2000
      ]
    },
    "1999": {
      "compression_ratio": 0.42863265188613325,
      "total_bits": 1358.7333596483732,
      "bits_per_sample": 0.6793666798241865,
      "block_nll_nats": [
        69.88428497314453,
        132.37715911865234,
        174.42136764526367,
        185.57737159729004,
        17.979474380612373,
        326.40694642066956
      ],
      "cumulative_bits": [
        50.718800023076994,
        151.5405113899037,
        342.5203823773527,
        594.1572245042453,
        861.888778208864,
        887.8276767355636,
        1358.7333596483732
      ],
      "timesteps": [
        32,
        64,
        128,
        256,
        512,
        1024,
        2000
      ]
    },
    "1130": {
      "compression_ratio": 1.3222128963157957,
      "total_bits": 4191.315717260893,
      "bits_per_sample": 2.0956578586304464,
      "block_nll_nats": [
        46.74653244018555,
        157.4577865600586,
        459.84596252441406,
        202.01129341125488,
        1942.0697975158691,
        61.91170656681061
      ],
      "cumulative_bits": [
        50.718800023076994,
        118.15979055328773,
        345.3233583728371,
        1008.7408480796214,
        1300.1815392876042,
        4101.996005223982,
        4191.315717260893
      ],
      "timesteps": [
        32,
        64,
        128,
        256,
        512,
        1024,
        2000
      ]
    }
  }
}