{
  "dataset": "SPMotif_0.5",
  "model": "CAL",
  "backbone": "GIN_encoder",
  "compression_ratio_mean": 0.6044396440043431,
  "compression_ratio_std": 0.43444471457564915,
  "total_bits_mean": 1916.0283393922582,
  "total_bits_std": 1377.1571624778196,
  "uniform_bits": 3169.9250014423124,
  "num_seeds": 3,
  "per_seed": {
    "28": {
      "compression_ratio": 0.2795028528449136,
      "total_bits": 886.0030812075432,
      "bits_per_sample": 0.4430015406037716,
      "block_nll_nats": [
        84.75201416015625,
        200.86990356445312,
        235.93226623535156,
        56.021408796310425,
        1.1734471023082733,
        0.22590461047366261
      ],
      "cumulative_bits": [
        50.718800023076994,
        172.99011055728562,
        462.78412429356644,
        803.1624347770028,
        883.9842434310532,
        885.6771697462989,
        886.0030812075432
      ],
      "timesteps": [
        32,
        64,
        128,
        256,
        512,
        1024,
        2000
      ]
    },
    "1999": {
      "compression_ratio": 0.3153270652867168,
      "total_bits": 999.5631478837959,
      "bits_per_sample": 0.4997815739418979,
      "block_nll_nats": [
        103.58554077148438,
        211.0715789794922,
        162.57495498657227,
        165.5972490310669,
        13.856078062206507,
        1.0033826790750027
      ],
      "cumulative_bits": [
        50.718800023076994,
        200.16114600189903,
        504.6730662682156,
        739.2191476000899,
        978.1254775620648,
        998.1155726685805,
        999.5631478837959
      ],
      "timesteps": [
        32,
        64,
        128,
        256,
        512,
        1024,
        2000
      ]
    },
    "1130": {
      "compression_ratio": 1.218489013881399,
      "total_bits": 3862.5187890854354,
      "bits_per_sample": 1.9312593945427177,
      "block_nll_nats": [
        89.6596908569336,
        280.9540557861328,
        185.56071281433105,
        14.085637986660004,
        1805.4529190063477,
        266.4253988265991
      ],
      "cumulative_bits": [
        50.718800023076994,
        180.07039139001262,
        585.4014143903075,
        853.1089345513641,
        873.4302146224757,
        3478.148187431437,
        3862.5187890854354
      ],
      "timesteps": [
        32,
        64,
        128,
        256,
        512,
        1024,
        2000
      ]
    }
  }
}