{
  "dataset": "PROTEINS",
  "model": "ICL",
  "backbone": "GraphGPS_encoder",
  "compression_ratio_mean": 1.5911777086524532,
  "compression_ratio_std": 0.3446770684272833,
  "total_bits_mean": 1770.9807897301805,
  "total_bits_std": 383.6255771595662,
  "uniform_bits": 1113.0,
  "num_seeds": 3,
  "per_seed": {
    "28": {
      "compression_ratio": 1.1045951404841232,
      "total_bits": 1229.414391358829,
      "bits_per_sample": 1.1045951404841232,
      "block_nll_nats": [
        29.614524841308594,
        40.98882293701172,
        106.78306770324707,
        276.00909996032715,
        323.2969388961792,
        53.29195499420166
      ],
      "cumulative_bits": [
        32.0,
        74.72472812683893,
        133.85909970994152,
        287.9145019363265,
        686.1114616893167,
        1152.5303521694166,
        1229.414391358829
      ],
      "timesteps": [
        32,
        64,
        128,
        256,
        512,
        1024,
        1113
      ]
    },
    "1999": {
      "compression_ratio": 1.8595981693143249,
      "total_bits": 2069.7327624468435,
      "bits_per_sample": 1.8595981693143249,
      "block_nll_nats": [
        37.88188552856445,
        74.04832077026367,
        214.32701873779297,
        701.6981372833252,
        336.43742275238037,
        48.05593395233154
      ],
      "cumulative_bits": [
        32.0,
        86.65200839158332,
        193.48115355299797,
        502.6896806145278,
        1515.026103474204,
        2000.402704848527,
        2069.7327624468435
      ],
      "timesteps": [
        32,
        64,
        128,
        256,
        512,
        1024,
        1113
      ]
    },
    "1130": {
      "compression_ratio": 1.8093398161589114,
      "total_bits": 2013.7952153848682,
      "bits_per_sample": 1.8093398161589114,
      "block_nll_nats": [
        121.02310180664062,
        69.97808647155762,
        186.9046516418457,
        589.7789630889893,
        367.8144769668579,
        38.176486015319824
      ],
      "cumulative_bits": [
        32.0,
        206.59942880944058,
        307.5564671328558,
        577.2028811756259,
        1428.0740664447458,
        1958.7181883319995,
        2013.7952153848682
      ],
      "timesteps": [
        32,
        64,
        128,
        256,
        512,
        1024,
        1113
      ]
    }
  }
}