{
  "dataset": "PROTEINS",
  "model": "CAL",
  "backbone": "GIN_encoder",
  "compression_ratio_mean": 0.9783673832692141,
  "compression_ratio_std": 0.08614141435602797,
  "total_bits_mean": 1088.9228975786355,
  "total_bits_std": 95.8753941782592,
  "uniform_bits": 1113.0,
  "num_seeds": 3,
  "per_seed": {
    "28": {
      "compression_ratio": 0.8588800900157585,
      "total_bits": 955.9335401875392,
      "bits_per_sample": 0.8588800900157585,
      "block_nll_nats": [
        27.676244735717773,
        28.066856384277344,
        110.1744556427002,
        151.96874523162842,
        269.2131109237671,
        53.3225154876709
      ],
      "cumulative_bits": [
        32.0,
        71.92838103064932,
        112.42029554958899,
        271.36843633795365,
        490.61299145374227,
        879.0054115257515,
        955.9335401875392
      ],
      "timesteps": [
        32,
        64,
        128,
        256,
        512,
        1024,
        1113
      ]
    },
    "1999": {
      "compression_ratio": 1.0175536719891638,
      "total_bits": 1132.5372369239394,
      "bits_per_sample": 1.0175536719891638,
      "block_nll_nats": [
        49.71071243286133,
        38.198556900024414,
        91.45538520812988,
        233.34339714050293,
        306.35600757598877,
        43.77022361755371
      ],
      "cumulative_bits": [
        32.0,
        103.71739830594638,
        158.8262669147265,
        290.76849761708536,
        627.4118594958729,
        1069.3901523722936,
        1132.5372369239394
      ],
      "timesteps": [
        32,
        64,
        128,
        256,
        512,
        1024,
        1113
      ]
    },
    "1130": {
      "compression_ratio": 1.05866838780272,
      "total_bits": 1178.2979156244276,
      "bits_per_sample": 1.05866838780272,
      "block_nll_nats": [
        82.56317138671875,
        42.406137466430664,
        105.78244113922119,
        204.7069387435913,
        311.3807849884033,
        47.71369457244873
      ],
      "cumulative_bits": [
        32.0,
        151.1134779196847,
        212.29260214575987,
        364.90440539044295,
        660.234090751383,
        1109.4616050822651,
        1178.2979156244276
      ],
      "timesteps": [
        32,
        64,
        128,
        256,
        512,
        1024,
        1113
      ]
    }
  }
}