{
  "dataset": "PROTEINS",
  "model": "GNN",
  "backbone": "GraphGPS_encoder",
  "compression_ratio_mean": 2.244294666057147,
  "compression_ratio_std": 1.1557000311083105,
  "total_bits_mean": 2497.8999633216044,
  "total_bits_std": 1286.2941346235498,
  "uniform_bits": 1113.0,
  "num_seeds": 3,
  "per_seed": {
    "28": {
      "compression_ratio": 1.4335626551201295,
      "total_bits": 1595.555235148704,
      "bits_per_sample": 1.4335626551201295,
      "block_nll_nats": [
        42.42326354980469,
        31.45620346069336,
        112.53552055358887,
        312.84193420410156,
        529.2819395065308,
        55.23504161834717
      ],
      "cumulative_bits": [
        32.0,
        93.20383194162875,
        138.5855406795653,
        300.93997810608596,
        752.2754851644547,
        1515.867914522619,
        1595.555235148704
      ],
      "timesteps": [
        32,
        64,
        128,
        256,
        512,
        1024,
        1113
      ]
    },
    "1999": {
      "compression_ratio": 3.878684287119408,
      "total_bits": 4316.975611563901,
      "bits_per_sample": 3.878684287119408,
      "block_nll_nats": [
        55.15955352783203,
        71.12091636657715,
        321.6910209655762,
        2105.83247756958,
        372.07628059387207,
        44.23851490020752
      ],
      "cumulative_bits": [
        32.0,
        111.57841433225259,
        214.18420767779216,
        678.2862483233365,
        3716.360320655889,
        4253.152925501079,
        4316.975611563901
      ],
      "timesteps": [
        32,
        64,
        128,
        256,
        512,
        1024,
        1113
      ]
    },
    "1130": {
      "compression_ratio": 1.4206370559319028,
      "total_bits": 1581.1690432522078,
      "bits_per_sample": 1.4206370559319028,
      "block_nll_nats": [
        157.4178924560547,
        113.08363342285156,
        288.0831890106201,
        163.70293140411377,
        308.12193489074707,
        43.39257335662842
      ],
      "cumulative_bits": [
        32.0,
        259.1060127935423,
        422.2512099383956,
        837.8673980874952,
        1074.0408054031964,
        1518.5667928591893,
        1581.1690432522078
      ],
      "timesteps": [
        32,
        64,
        128,
        256,
        512,
        1024,
        1113
      ]
    }
  }
}