{
  "dataset": "PROTEINS",
  "model": "CAL",
  "backbone": "GraphGPS_encoder",
  "compression_ratio_mean": 3.6870203380915236,
  "compression_ratio_std": 3.51857475435892,
  "total_bits_mean": 4103.653636295866,
  "total_bits_std": 3916.1737016014768,
  "uniform_bits": 1113.0,
  "num_seeds": 3,
  "per_seed": {
    "28": {
      "compression_ratio": 1.037280570949783,
      "total_bits": 1154.4932754671086,
      "bits_per_sample": 1.037280570949783,
      "block_nll_nats": [
        43.78977584838867,
        35.27634811401367,
        117.83358192443848,
        214.66446113586426,
        301.2275638580322,
        65.26131820678711
      ],
      "cumulative_bits": [
        32.0,
        95.17529245810964,
        146.0683049428699,
        316.0662292354407,
        625.7615827712536,
        1060.3410953283003,
        1154.4932754671086
      ],
      "timesteps": [
        32,
        64,
        128,
        256,
        512,
        1024,
        1113
      ]
    },
    "1999": {
      "compression_ratio": 8.659452671825328,
      "total_bits": 9637.970823741589,
      "bits_per_sample": 8.659452671825328,
      "block_nll_nats": [
        60.10434341430664,
        85.26538848876953,
        219.70575332641602,
        5750.564743041992,
        498.43328285217285,
        44.2780818939209
      ],
      "cumulative_bits": [
        32.0,
        118.71223817970741,
        241.72419131192612,
        558.6925920907204,
        8855.003829188317,
        9574.091054573153,
        9637.970823741589
      ],
      "timesteps": [
        32,
        64,
        128,
        256,
        512,
        1024,
        1113
      ]
    },
    "1130": {
      "compression_ratio": 1.364327771499461,
      "total_bits": 1518.4968096789,
      "bits_per_sample": 1.364327771499461,
      "block_nll_nats": [
        110.76795196533203,
        142.77181243896484,
        201.7385025024414,
        215.9678497314453,
        313.30356311798096,
        45.81139278411865
      ],
      "cumulative_bits": [
        32.0,
        191.80437498981144,
        397.78056077423525,
        688.8276978908732,
        1000.4034436898821,
        1452.4049404930356,
        1518.4968096789
      ],
      "timesteps": [
        32,
        64,
        128,
        256,
        512,
        1024,
        1113
      ]
    }
  }
}