{
  "dataset": "IMDB-MULTI",
  "model": "CAL",
  "backbone": "GraphGPS_encoder",
  "compression_ratio_mean": 1.0513041439177908,
  "compression_ratio_std": 0.048116763094389274,
  "total_bits_mean": 2499.416467443684,
  "total_bits_std": 114.39489774103605,
  "uniform_bits": 2377.4437510817343,
  "num_seeds": 3,
  "per_seed": {
    "28": {
      "compression_ratio": 1.1193514973031922,
      "total_bits": 2661.195222527457,
      "bits_per_sample": 1.774130148351638,
      "block_nll_nats": [
        249.26515197753906,
        86.18957138061523,
        161.31857299804688,
        281.39369010925293,
        532.9956817626953,
        498.2817039489746
      ],
      "cumulative_bits": [
        50.718800023076994,
        410.3323986475064,
        534.6776658546653,
        767.4111711222317,
        1173.3764523802965,
        1942.3266792745692,
        2661.195222527457
      ],
      "timesteps": [
        32,
        64,
        128,
        256,
        512,
        1024,
        1500
      ]
    },
    "1999": {
      "compression_ratio": 1.017331545146882,
      "total_bits": 2418.64852478778,
      "bits_per_sample": 1.61243234985852,
      "block_nll_nats": [
        61.22859573364258,
        90.1435661315918,
        206.8475112915039,
        281.8035526275635,
        517.7398948669434,
        483.5606918334961
      ],
      "cumulative_bits": [
        50.718800023076994,
        139.05299144859828,
        269.10266727469207,
        567.5205460351685,
        974.0771339158464,
        1721.017912710759,
        2418.64852478778
      ],
      "timesteps": [
        32,
        64,
        128,
        256,
        512,
        1024,
        1500
      ]
    },
    "1130": {
      "compression_ratio": 1.017229389303298,
      "total_bits": 2418.405655015815,
      "bits_per_sample": 1.6122704366772098,
      "block_nll_nats": [
        75.23961639404297,
        99.61668395996094,
        168.37555313110352,
        270.5522994995117,
        542.4575634002686,
        484.91375160217285
      ],
      "cumulative_bits": [
        50.718800023076994,
        159.26662147315074,
        302.9831174119895,
        545.8976929211688,
        936.2221537102198,
        1718.8229903204976,
        2418.405655015815
      ],
      "timesteps": [
        32,
        64,
        128,
        256,
        512,
        1024,
        1500
      ]
    }
  }
}