{
  "dataset": "IMDB-MULTI",
  "model": "ICL",
  "backbone": "GraphGPS_encoder",
  "compression_ratio_mean": 0.9953271344628343,
  "compression_ratio_std": 0.025648668481450712,
  "total_bits_mean": 2366.3342761107547,
  "total_bits_std": 60.97826660479202,
  "uniform_bits": 2377.4437510817343,
  "num_seeds": 3,
  "per_seed": {
    "28": {
      "compression_ratio": 0.9618389448184528,
      "total_bits": 2286.7179889056797,
      "bits_per_sample": 1.5244786592704531,
      "block_nll_nats": [
        46.30249786376953,
        72.97122192382812,
        125.75176239013672,
        274.57280349731445,
        537.4123477935791,
        492.86590003967285
      ],
      "cumulative_bits": [
        50.718800023076994,
        117.51918407190912,
        222.79440406902395,
        404.21584805232146,
        800.3406700208768,
        1575.6627990951683,
        2286.7179889056797
      ],
      "timesteps": [
        32,
        64,
        128,
        256,
        512,
        1024,
        1500
      ]
    },
    "1999": {
      "compression_ratio": 1.0241413228249898,
      "total_bits": 2434.838388174853,
      "bits_per_sample": 1.6232255921165688,
      "block_nll_nats": [
        45.58715057373047,
        82.63987731933594,
        231.1890640258789,
        281.6254348754883,
        521.8552188873291,
        489.6490249633789
      ],
      "cumulative_bits": [
        50.718800023076994,
        116.48715608405641,
        235.7112972723347,
        569.2466134502313,
        975.5462317332959,
        1728.42416808407,
        2434.838388174853
      ],
      "timesteps": [
        32,
        64,
        128,
        256,
        512,
        1024,
        1500
      ]
    },
    "1130": {
      "compression_ratio": 1.0000011357450602,
      "total_bits": 2377.4464512517307,
      "bits_per_sample": 1.5849643008344871,
      "block_nll_nats": [
        67.12847900390625,
        79.63552856445312,
        149.3682403564453,
        273.09174156188965,
        551.8737983703613,
        491.6669235229492
      ],
      "cumulative_bits": [
        50.718800023076994,
        147.56472378443144,
        262.45450592293935,
        477.9473255514937,
        871.9354268105624,
        1668.1210189160383,
        2377.4464512517307
      ],
      "timesteps": [
        32,
        64,
        128,
        256,
        512,
        1024,
        1500
      ]
    }
  }
}