{
  "dataset": "IMDB-MULTI",
  "model": "CAL",
  "backbone": "GIN_encoder",
  "compression_ratio_mean": 1.0112472266231085,
  "compression_ratio_std": 0.04922994338725353,
  "total_bits_mean": 2404.1833997338435,
  "total_bits_std": 117.0414212721335,
  "uniform_bits": 2377.4437510817343,
  "num_seeds": 3,
  "per_seed": {
    "28": {
      "compression_ratio": 1.0808192682138105,
      "total_bits": 2569.5870152636567,
      "bits_per_sample": 1.713058010175771,
      "block_nll_nats": [
        227.4325408935547,
        64.93133163452148,
        145.27262115478516,
        266.0772132873535,
        553.9473686218262,
        488.2853260040283
      ],
      "cumulative_bits": [
        50.718800023076994,
        378.8345989069847,
        472.5107090544255,
        682.0947991713751,
        1065.963075274595,
        1865.1401968987943,
        2569.5870152636567
      ],
      "timesteps": [
        32,
        64,
        128,
        256,
        512,
        1024,
        1500
      ]
    },
    "1999": {
      "compression_ratio": 0.9741854069472538,
      "total_bits": 2316.0710081417647,
      "bits_per_sample": 1.5440473387611764,
      "block_nll_nats": [
        46.11888885498047,
        74.8266830444336,
        141.4720115661621,
        274.73601150512695,
        520.9362411499023,
        512.1326599121094
      ],
      "cumulative_bits": [
        50.718800023076994,
        117.2542922654666,
        225.20637681984124,
        429.30734633092936,
        825.6676276829892,
        1577.2197594092904,
        2316.0710081417647
      ],
      "timesteps": [
        32,
        64,
        128,
        256,
        512,
        1024,
        1500
      ]
    },
    "1130": {
      "compression_ratio": 0.9787370047082611,
      "total_bits": 2326.8921757961093,
      "bits_per_sample": 1.5512614505307396,
      "block_nll_nats": [
        39.38551712036133,
        92.31103134155273,
        128.497953414917,
        266.6866340637207,
        551.277774810791,
        499.56424713134766
      ],
      "cumulative_bits": [
        50.718800023076994,
        107.54009025546965,
        240.71675739127346,
        426.10011754735524,
        810.8476019824548,
        1606.1733138542857,
        2326.8921757961093
      ],
      "timesteps": [
        32,
        64,
        128,
        256,
        512,
        1024,
        1500
      ]
    }
  }
}