{
  "dataset": "IMDB-MULTI",
  "model": "ICL",
  "backbone": "GIN_encoder",
  "compression_ratio_mean": 1.0163003391542722,
  "compression_ratio_std": 0.03269621974502441,
  "total_bits_mean": 2416.196890544572,
  "total_bits_std": 77.73342331680355,
  "uniform_bits": 2377.4437510817343,
  "num_seeds": 3,
  "per_seed": {
    "28": {
      "compression_ratio": 1.0466501704016837,
      "total_bits": 2488.3519071901155,
      "bits_per_sample": 1.658901271460077,
      "block_nll_nats": [
        52.553524017333984,
        63.3211784362793,
        158.36997985839844,
        268.73432540893555,
        570.3446235656738,
        576.314884185791
      ],
      "cumulative_bits": [
        50.718800023076994,
        126.53750850412376,
        217.89065861738908,
        446.3702431847855,
        834.0719217688977,
        1656.9052817847778,
        2488.3519071901155
      ],
      "timesteps": [
        32,
        64,
        128,
        256,
        512,
        1024,
        1500
      ]
    },
    "1999": {
      "compression_ratio": 0.9709140020833287,
      "total_bits": 2308.2934270907676,
      "bits_per_sample": 1.5388622847271785,
      "block_nll_nats": [
        39.66495895385742,
        68.2799186706543,
        143.98612594604492,
        291.4796600341797,
        524.2137413024902,
        497.2070827484131
      ],
      "cumulative_bits": [
        50.718800023076994,
        107.94323960287139,
        206.4503396613261,
        414.1784095204988,
        834.6946695718109,
        1590.9752345147635,
        2308.2934270907676
      ],
      "timesteps": [
        32,
        64,
        128,
        256,
        512,
        1024,
        1500
      ]
    },
    "1130": {
      "compression_ratio": 1.0313368449778042,
      "total_bits": 2451.9453373528318,
      "bits_per_sample": 1.6346302249018878,
      "block_nll_nats": [
        41.532264709472656,
        75.53716278076172,
        231.88784790039062,
        265.443302154541,
        537.7028942108154,
        512.2999324798584
      ],
      "cumulative_bits": [
        50.718800023076994,
        110.6371923563209,
        219.61428250294819,
        554.1577307112559,
        937.1114663668029,
        1712.8527653163892,
        2451.9453373528318
      ],
      "timesteps": [
        32,
        64,
        128,
        256,
        512,
        1024,
        1500
      ]
    }
  }
}