{
  "dataset": "IMDB-MULTI",
  "model": "GNN",
  "backbone": "GraphGPS_encoder",
  "compression_ratio_mean": 1.1799180701203769,
  "compression_ratio_std": 0.19473818914655938,
  "total_bits_mean": 2805.188842596109,
  "total_bits_std": 462.97909088346034,
  "uniform_bits": 2377.4437510817343,
  "num_seeds": 3,
  "per_seed": {
    "28": {
      "compression_ratio": 1.4550683325700142,
      "total_bits": 3459.343114665499,
      "bits_per_sample": 2.3062287431103328,
      "block_nll_nats": [
        818.9697265625,
        78.9039077758789,
        126.05887794494629,
        276.69701766967773,
        565.6938018798828,
        496.35500144958496
      ],
      "cumulative_bits": [
        50.718800023076994,
        1232.242363172986,
        1346.0766396280067,
        1527.941157699208,
        1927.1305729200178,
        2743.2542155537485,
        3459.343114665499
      ],
      "timesteps": [
        32,
        64,
        128,
        256,
        512,
        1024,
        1500
      ]
    },
    "1999": {
      "compression_ratio": 1.0525259283163222,
      "total_bits": 2502.3211911271414,
      "bits_per_sample": 1.6682141274180944,
      "block_nll_nats": [
        68.56249237060547,
        81.59300422668457,
        234.8774871826172,
        311.9693717956543,
        522.902997970581,
        479.41593170166016
      ],
      "cumulative_bits": [
        50.718800023076994,
        149.6335677571369,
        267.34739032620695,
        606.2039763010298,
        1056.2806418998655,
        1810.6702039379943,
        2502.3211911271414
      ],
      "timesteps": [
        32,
        64,
        128,
        256,
        512,
        1024,
        1500
      ]
    },
    "1130": {
      "compression_ratio": 1.0321599494747937,
      "total_bits": 2453.902221995687,
      "bits_per_sample": 1.6359348146637913,
      "block_nll_nats": [
        83.08531188964844,
        101.8390998840332,
        174.8460235595703,
        273.1203269958496,
        540.8847465515137,
        491.9843044281006
      ],
      "cumulative_bits": [
        50.718800023076994,
        170.58556745698564,
        317.50833182827614,
        569.7578229368231,
        963.7871642597074,
        1744.11890580206,
        2453.902221995687
      ],
      "timesteps": [
        32,
        64,
        128,
        256,
        512,
        1024,
        1500
      ]
    }
  }
}