{
  "dataset": "IMDB-MULTI",
  "model": "CEL",
  "backbone": "GIN_encoder",
  "compression_ratio_mean": 0.9887725633269945,
  "compression_ratio_std": 0.012539940234227814,
  "total_bits_mean": 2350.751151922832,
  "total_bits_std": 29.81300254880332,
  "uniform_bits": 2377.4437510817343,
  "num_seeds": 3,
  "per_seed": {
    "28": {
      "compression_ratio": 0.9968169593625238,
      "total_bits": 2369.876251008727,
      "bits_per_sample": 1.5799175006724848,
      "block_nll_nats": [
        111.388427734375,
        63.04025840759277,
        129.16844749450684,
        266.9866714477539,
        549.7914352416992,
        487.14220809936523
      ],
      "cumulative_bits": [
        50.718800023076994,
        211.4183323278785,
        302.3662005088714,
        488.7168791485228,
        873.8972260296484,
        1667.0786031760736,
        2369.876251008727
      ],
      "timesteps": [
        32,
        64,
        128,
        256,
        512,
        1024,
        1500
      ]
    },
    "1999": {
      "compression_ratio": 0.9984376192681028,
      "total_bits": 2373.7292787738747,
      "bits_per_sample": 1.5824861858492498,
      "block_nll_nats": [
        43.38085174560547,
        97.65658187866211,
        159.84798431396484,
        276.4942855834961,
        518.9849376678467,
        513.823522567749
      ],
      "cumulative_bits": [
        50.718800023076994,
        113.30413970600134,
        254.19280609251416,
        484.80470035836805,
        883.7016350038147,
        1632.4386308732849,
        2373.7292787738747
      ],
      "timesteps": [
        32,
        64,
        128,
        256,
        512,
        1024,
        1500
      ]
    },
    "1130": {
      "compression_ratio": 0.9710631113503572,
      "total_bits": 2308.647925985893,
      "bits_per_sample": 1.5390986173239287,
      "block_nll_nats": [
        44.43091583251953,
        84.17472839355469,
        137.9973430633545,
        262.5327949523926,
        540.3088493347168,
        495.63257598876953
      ],
      "cumulative_bits": [
        50.718800023076994,
        114.81906195680784,
        236.25752517836463,
        435.3456076717191,
        814.1003690202549,
        1593.601266503873,
        2308.647925985893
      ],
      "timesteps": [
        32,
        64,
        128,
        256,
        512,
        1024,
        1500
      ]
    }
  }
}