{
  "dataset": "IMDB-MULTI",
  "model": "GNN",
  "backbone": "GIN_encoder",
  "compression_ratio_mean": 1.0684530356539448,
  "compression_ratio_std": 0.07124267953888463,
  "total_bits_mean": 2540.186992939781,
  "total_bits_std": 169.3754632800397,
  "uniform_bits": 2377.4437510817343,
  "num_seeds": 3,
  "per_seed": {
    "28": {
      "compression_ratio": 1.1688441765178303,
      "total_bits": 2778.861283450591,
      "bits_per_sample": 1.8525741889670608,
      "block_nll_nats": [
        280.66009521484375,
        67.69760131835938,
        161.00467681884766,
        278.3321723937988,
        601.7714004516602,
        501.5383243560791
      ],
      "cumulative_bits": [
        50.718800023076994,
        455.6257275649564,
        553.2927212670315,
        785.5733700735133,
        1187.1218149058989,
        2055.2944300863155,
        2778.861283450591
      ],
      "timesteps": [
        32,
        64,
        128,
        256,
        512,
        1024,
        1500
      ]
    },
    "1999": {
      "compression_ratio": 1.0256394167834766,
      "total_bits": 2438.400022294991,
      "bits_per_sample": 1.6256000148633272,
      "block_nll_nats": [
        34.15738296508789,
        73.92129898071289,
        184.06014251708984,
        286.5466842651367,
        559.4580955505371,
        516.8709030151367
      ],
      "cumulative_bits": [
        50.718800023076994,
        99.99748703655445,
        206.64337849209932,
        472.1860333268207,
        885.585513699309,
        1692.7129337352526,
        2438.400022294991
      ],
      "timesteps": [
        32,
        64,
        128,
        256,
        512,
        1024,
        1500
      ]
    },
    "1130": {
      "compression_ratio": 1.0108755136605279,
      "total_bits": 2403.2996730737605,
      "bits_per_sample": 1.6021997820491736,
      "block_nll_nats": [
        36.213619232177734,
        68.64840316772461,
        139.83636856079102,
        273.7031059265137,
        573.3793430328369,
        538.903959274292
      ],
      "cumulative_bits": [
        50.718800023076994,
        102.964008901981,
        202.00271971700352,
        403.7439551755781,
        798.6140687716661,
        1625.8256035133118,
        2403.2996730737605
      ],
      "timesteps": [
        32,
        64,
        128,
        256,
        512,
        1024,
        1500
      ]
    }
  }
}