{
  "dataset": "SPMotif_0.9",
  "model": "CAL",
  "backbone": "GraphGPS_encoder",
  "compression_ratio_mean": 0.07177472262262925,
  "compression_ratio_std": 0.01831197308065018,
  "total_bits_mean": 227.52048771305962,
  "total_bits_std": 58.04758129409161,
  "uniform_bits": 3169.9250014423124,
  "num_seeds": 3,
  "per_seed": {
    "28": {
      "compression_ratio": 0.04702354453695536,
      "total_bits": 149.06110948413087,
      "bits_per_sample": 0.07453055474206544,
      "block_nll_nats": [
        8.356157302856445,
        16.99366855621338,
        4.683594241738319,
        18.221346650272608,
        19.840728405863047,
        0.07019937573932111
      ],
      "cumulative_bits": [
        50.718800023076994,
        62.77418672479608,
        87.29086807735584,
        94.04786626344782,
        120.33571271411483,
        148.95983319287825,
        149.06110948413087
      ],
      "timesteps": [
        32,
        64,
        128,
        256,
        512,
        1024,
        2000
      ]
    },
    "1999": {
      "compression_ratio": 0.09074780548419217,
      "total_bits": 287.66373743036456,
      "bits_per_sample": 0.14383186871518228,
      "block_nll_nats": [
        31.218469619750977,
        4.998997092247009,
        101.89495122432709,
        2.627137027680874,
        23.241043031215668,
        0.2571173165924847
      ],
      "cumulative_bits": [
        50.718800023076994,
        95.7575313276345,
        102.96955964203761,
        249.9729004649971,
        253.76305802656807,
        287.2927955527899,
        287.66373743036456
      ],
      "timesteps": [
        32,
        64,
        128,
        256,
        512,
        1024,
        2000
      ]
    },
    "1130": {
      "compression_ratio": 0.07755281784674024,
      "total_bits": 245.83661622468347,
      "bits_per_sample": 0.12291830811234174,
      "block_nll_nats": [
        7.692130088806152,
        95.04464912414551,
        29.042436107993126,
        1.113348726183176,
        2.3036396205425262,
        0.04916050948668271
      ],
      "cumulative_bits": [
        50.718800023076994,
        61.81619795607041,
        198.9366419105067,
        240.83602045884294,
        242.44224314488744,
        245.76569260143947,
        245.83661622468347
      ],
      "timesteps": [
        32,
        64,
        128,
        256,
        512,
        1024,
        2000
      ]
    }
  }
}