{
  "dataset": "SPMotif_0.9",
  "model": "ICL",
  "backbone": "GraphGPS_encoder",
  "compression_ratio_mean": 0.09755195118816003,
  "compression_ratio_std": 0.06983889569114844,
  "total_bits_mean": 309.23236901082856,
  "total_bits_std": 221.38406152449323,
  "uniform_bits": 3169.9250014423124,
  "num_seeds": 3,
  "per_seed": {
    "28": {
      "compression_ratio": 0.03457862807188153,
      "total_bits": 109.61165764063225,
      "bits_per_sample": 0.05480582882031612,
      "block_nll_nats": [
        2.6077632904052734,
        21.073530673980713,
        2.1377395391464233,
        6.7019443064928055,
        3.291454128921032,
        5.008986273780465
      ],
      "cumulative_bits": [
        50.718800023076994,
        54.48100718995697,
        84.8836853873304,
        87.9677916191692,
        97.6366534344604,
        102.38521798356828,
        109.61165764063225
      ],
      "timesteps": [
        32,
        64,
        128,
        256,
        512,
        1024,
        2000
      ]
    },
    "1999": {
      "compression_ratio": 0.06314492975006468,
      "total_bits": 200.1646915290485,
      "bits_per_sample": 0.10008234576452425,
      "block_nll_nats": [
        21.657909393310547,
        4.345781087875366,
        63.93213075399399,
        11.481539361178875,
        1.0570266209542751,
        1.113611126318574
      ],
      "cumulative_bits": [
        50.718800023076994,
        81.96455850082862,
        88.23419532509546,
        180.46876331734737,
        197.03312321549157,
        198.5580902796299,
        200.1646915290485
      ],
      "timesteps": [
        32,
        64,
        128,
        256,
        512,
        1024,
        2000
      ]
    },
    "1130": {
      "compression_ratio": 0.19493229574253387,
      "total_bits": 617.920757862805,
      "bits_per_sample": 0.3089603789314025,
      "block_nll_nats": [
        2.10351824760437,
        60.51630210876465,
        41.832693099975586,
        13.492870047688484,
        4.331971503794193,
        270.8770828768611
      ],
      "cumulative_bits": [
        50.718800023076994,
        53.75353536731526,
        141.06010431256834,
        201.41192319493308,
        220.87801990009248,
        227.12773370588866,
        617.920757862805
      ],
      "timesteps": [
        32,
        64,
        128,
        256,
        512,
        1024,
        2000
      ]
    }
  }
}