{
  "dataset": "SPMotif_0.9",
  "model": "GNN",
  "backbone": "GIN_encoder",
  "compression_ratio_mean": 0.49467079510343964,
  "compression_ratio_std": 0.2668261874070638,
  "total_bits_mean": 1568.0693208817409,
  "total_bits_std": 845.8190025011835,
  "uniform_bits": 3169.9250014423124,
  "num_seeds": 3,
  "per_seed": {
    "28": {
      "compression_ratio": 0.35359748876568176,
      "total_bits": 1120.8775200855519,
      "bits_per_sample": 0.5604387600427759,
      "block_nll_nats": [
        35.52582931518555,
        30.468603134155273,
        14.244509935379028,
        543.7492980957031,
        117.5120580047369,
        0.2772010777844116
      ],
      "cumulative_bits": [
        50.718800023076994,
        101.97173779956293,
        145.92864044402268,
        166.47912428768757,
        950.9435401372132,
        1120.4776034653032,
        1120.8775200855519
      ],
      "timesteps": [
        32,
        64,
        128,
        256,
        512,
        1024,
        2000
      ]
    },
    "1999": {
      "compression_ratio": 0.2621100000671511,
      "total_bits": 830.8690423409085,
      "bits_per_sample": 0.41543452117045426,
      "block_nll_nats": [
        37.78532028198242,
        23.075439929962158,
        73.51616764068604,
        106.15849995613098,
        299.98616313934326,
        0.23734992765821517
      ],
      "cumulative_bits": [
        50.718800023076994,
        105.2314942122942,
        138.52231696558175,
        244.5837274459612,
        397.73806888088257,
        830.5266187773207,
        830.8690423409085
      ],
      "timesteps": [
        32,
        64,
        128,
        256,
        512,
        1024,
        2000
      ]
    },
    "1130": {
      "compression_ratio": 0.868304896477486,
      "total_bits": 2752.461400218762,
      "bits_per_sample": 1.376230700109381,
      "block_nll_nats": [
        20.233781814575195,
        57.64823532104492,
        128.4767303466797,
        58.786241590976715,
        88.03829656541348,
        1519.5219802856445
      ],
      "cumulative_bits": [
        50.718800023076994,
        79.90997670539392,
        163.0787999190654,
        348.4315416598488,
        433.2421608756514,
        560.2545747388853,
        2752.461400218762
      ],
      "timesteps": [
        32,
        64,
        128,
        256,
        512,
        1024,
        2000
      ]
    }
  }
}