{
  "dataset": "SPMotif_0.9",
  "model": "GNN",
  "backbone": "GraphGPS_encoder",
  "compression_ratio_mean": 0.05340742531824899,
  "compression_ratio_std": 0.006603089683795724,
  "total_bits_mean": 169.29753277898064,
  "total_bits_std": 20.931299075429873,
  "uniform_bits": 3169.9250014423124,
  "num_seeds": 3,
  "per_seed": {
    "28": {
      "compression_ratio": 0.05222582467131814,
      "total_bits": 165.5519473465541,
      "bits_per_sample": 0.08277597367327705,
      "block_nll_nats": [
        11.415077209472656,
        50.02541923522949,
        1.9751608967781067,
        8.096086889505386,
        7.4809653693810105,
        0.6035627017263323
      ],
      "cumulative_bits": [
        50.718800023076994,
        67.18727530454782,
        139.35869955360477,
        142.20825438434434,
        153.88843879043992,
        164.68119042990799,
        165.5519473465541
      ],
      "timesteps": [
        32,
        64,
        128,
        256,
        512,
        1024,
        2000
      ]
    },
    "1999": {
      "compression_ratio": 0.062020323558827736,
      "total_bits": 196.59977424666968,
      "bits_per_sample": 0.09829988712333484,
      "block_nll_nats": [
        29.384780883789062,
        6.5562968254089355,
        55.2937778532505,
        6.010854668915272,
        0.7085455250926316,
        3.1627302239649
      ],
      "cumulative_bits": [
        50.718800023076994,
        93.1120776817283,
        102.57081459834183,
        182.34287369924232,
        191.01470392159067,
        192.03691903688588,
        196.59977424666968
      ],
      "timesteps": [
        32,
        64,
        128,
        256,
        512,
        1024,
        2000
      ]
    },
    "1130": {
      "compression_ratio": 0.045976127724601114,
      "total_bits": 145.74087674371813,
      "bits_per_sample": 0.07287043837185907,
      "block_nll_nats": [
        12.992454528808594,
        26.153523921966553,
        12.01154738664627,
        8.30288152769208,
        1.6936014350503683,
        4.710275769699365
      ],
      "cumulative_bits": [
        50.718800023076994,
        69.46294974076451,
        107.19450900475653,
        124.52350885287389,
        136.50203485796382,
        138.94538524955342,
        145.74087674371813
      ],
      "timesteps": [
        32,
        64,
        128,
        256,
        512,
        1024,
        2000
      ]
    }
  }
}