{
  "dataset": "SPMotif_0.9",
  "model": "ICL",
  "backbone": "GIN_encoder",
  "compression_ratio_mean": 0.8949580958876462,
  "compression_ratio_std": 0.6096519338200088,
  "total_bits_mean": 2836.950043397456,
  "total_bits_std": 1932.5509071937001,
  "uniform_bits": 3169.9250014423124,
  "num_seeds": 3,
  "per_seed": {
    "28": {
      "compression_ratio": 0.14922795115821585,
      "total_bits": 473.0414132904407,
      "bits_per_sample": 0.23652070664522035,
      "block_nll_nats": [
        35.85448455810547,
        36.02059459686279,
        24.702320098876953,
        105.73936438560486,
        42.512160420417786,
        47.9028046131134
      ],
      "cumulative_bits": [
        50.718800023076994,
        102.44588708868568,
        154.41262028345142,
        190.05053498855295,
        342.6001916144162,
        403.932274630429,
        473.0414132904407
      ],
      "timesteps": [
        32,
        64,
        128,
        256,
        512,
        1024,
        2000
      ]
    },
    "1999": {
      "compression_ratio": 1.642560588384221,
      "total_bits": 5206.793875502937,
      "bits_per_sample": 2.6033969377514685,
      "block_nll_nats": [
        25.489452362060547,
        18.182446479797363,
        58.253633975982666,
        181.69310104846954,
        154.29751324653625,
        3136.002754211426
      ],
      "cumulative_bits": [
        50.718800023076994,
        87.49230654079722,
        113.72403190842986,
        197.76626075934087,
        459.8939966057052,
        682.4982537879822,
        5206.793875502937
      ],
      "timesteps": [
        32,
        64,
        128,
        256,
        512,
        1024,
        2000
      ]
    },
    "1130": {
      "compression_ratio": 0.8930857481205016,
      "total_bits": 2831.0148413989896,
      "bits_per_sample": 1.4155074206994949,
      "block_nll_nats": [
        25.006906509399414,
        44.69105339050293,
        101.23745441436768,
        66.52965545654297,
        1128.9345397949219,
        560.7547526359558
      ],
      "cumulative_bits": [
        50.718800023076994,
        86.79614003216147,
        151.27170113074396,
        297.3264745665747,
        393.3084785657806,
        2022.0167406161786,
        2831.0148413989896
      ],
      "timesteps": [
        32,
        64,
        128,
        256,
        512,
        1024,
        2000
      ]
    }
  }
}