{
  "dataset": "SPMotif_0.9",
  "model": "CEL",
  "backbone": "GIN_encoder",
  "compression_ratio_mean": 0.1714020725539842,
  "compression_ratio_std": 0.03165590260981385,
  "total_bits_mean": 543.3317150879037,
  "total_bits_std": 100.34683712607188,
  "uniform_bits": 3169.9250014423124,
  "num_seeds": 3,
  "per_seed": {
    "28": {
      "compression_ratio": 0.21295243095580602,
      "total_bits": 675.0432350047273,
      "bits_per_sample": 0.33752161750236365,
      "block_nll_nats": [
        15.000179290771484,
        33.417680740356445,
        23.225494787096977,
        146.124004855752,
        214.18817013688385,
        0.7931920513510704
      ],
      "cumulative_bits": [
        50.718800023076994,
        72.35948429831834,
        120.5710065804412,
        154.07831273197849,
        364.8906898922067,
        673.8989007657706,
        675.0432350047273
      ],
      "timesteps": [
        32,
        64,
        128,
        256,
        512,
        1024,
        2000
      ]
    },
    "1999": {
      "compression_ratio": 0.16506018967003236,
      "total_bits": 523.2284219778456,
      "bits_per_sample": 0.26161421098892285,
      "block_nll_nats": [
        91.0137710571289,
        28.877321243286133,
        106.67945766448975,
        92.05520153045654,
        8.619492754340172,
        0.2734679956920445
      ],
      "cumulative_bits": [
        50.718800023076994,
        182.02391617980032,
        223.68508433164675,
        377.5910088689302,
        510.39859160495394,
        522.8338910566189,
        523.2284219778456
      ],
      "timesteps": [
        32,
        64,
        128,
        256,
        512,
        1024,
        2000
      ]
    },
    "1130": {
      "compression_ratio": 0.1361935970361142,
      "total_bits": 431.723488281138,
      "bits_per_sample": 0.215861744140569,
      "block_nll_nats": [
        15.782020568847656,
        60.28511428833008,
        94.98155117034912,
        36.15966773033142,
        55.80212793126702,
        1.081843757070601
      ],
      "cumulative_bits": [
        50.718800023076994,
        73.48744283296112,
        160.46047825615932,
        297.4898911055633,
        349.6572644203051,
        430.16271765779555,
        431.723488281138
      ],
      "timesteps": [
        32,
        64,
        128,
        256,
        512,
        1024,
        2000
      ]
    }
  }
}