{
  "dataset": "SPMotif_0.5",
  "model": "ICL",
  "backbone": "GraphGPS_encoder",
  "compression_ratio_mean": 0.09146837410816692,
  "compression_ratio_std": 0.04485305360303239,
  "total_bits_mean": 289.94788592675695,
  "total_bits_std": 142.18081600728456,
  "uniform_bits": 3169.9250014423124,
  "num_seeds": 3,
  "per_seed": {
    "28": {
      "compression_ratio": 0.06054453760332832,
      "total_bits": 191.92164344955467,
      "bits_per_sample": 0.09596082172477734,
      "block_nll_nats": [
        65.66954803466797,
        10.3938889503479,
        18.196476936340332,
        1.431057870388031,
        1.2687009759247303,
        0.9146800404414535
      ],
      "cumulative_bits": [
        50.718800023076994,
        145.45993131011204,
        160.45514335432955,
        186.70711039203815,
        188.77169048487207,
        190.60203909120966,
        191.92164344955467
      ],
      "timesteps": [
        32,
        64,
        128,
        256,
        512,
        1024,
        2000
      ]
    },
    "1999": {
      "compression_ratio": 0.15489363125751096,
      "total_bits": 491.0011942873704,
      "bits_per_sample": 0.24550059714368522,
      "block_nll_nats": [
        45.20160675048828,
        94.05815505981445,
        30.151020050048828,
        1.8109812811017036,
        132.9774820804596,
        0.9812550125643611
      ],
      "cumulative_bits": [
        50.718800023076994,
        115.93093392221952,
        251.628167782179,
        295.1268948861281,
        297.7395885995163,
        489.58554254689636,
        491.0011942873704
      ],
      "timesteps": [
        32,
        64,
        128,
        256,
        512,
        1024,
        2000
      ]
    },
    "1130": {
      "compression_ratio": 0.058966953463661466,
      "total_bits": 186.92082004334583,
      "bits_per_sample": 0.09346041002167291,
      "block_nll_nats": [
        21.63543128967285,
        19.14355206489563,
        28.267383337020874,
        22.63730774819851,
        1.9854605048894882,
        0.7389112189412117
      ],
      "cumulative_bits": [
        50.718800023076994,
        81.93212945218193,
        109.55043708120652,
        150.33165084043387,
        182.99038246783715,
        185.85479649212212,
        186.92082004334583
      ],
      "timesteps": [
        32,
        64,
        128,
        256,
        512,
        1024,
        2000
      ]
    }
  }
}