{
  "dataset": "SPMotif_0.5",
  "model": "CEL",
  "backbone": "GraphGPS_encoder",
  "compression_ratio_mean": 0.12664150378592745,
  "compression_ratio_std": 0.052378852608835444,
  "total_bits_mean": 401.4440690712627,
  "total_bits_std": 166.03703443160933,
  "uniform_bits": 3169.9250014423124,
  "num_seeds": 3,
  "per_seed": {
    "28": {
      "compression_ratio": 0.12669355112086628,
      "total_bits": 401.6090552195437,
      "bits_per_sample": 0.20080452760977183,
      "block_nll_nats": [
        79.2197036743164,
        76.7436752319336,
        6.072278618812561,
        79.67805600166321,
        1.0641246568411589,
        0.4407528918236494
      ],
      "cumulative_bits": [
        50.718800023076994,
        165.00867365470646,
        275.72639333141024,
        284.4868395816672,
        399.4379758429398,
        400.97318320825224,
        401.6090552195437
      ],
      "timesteps": [
        32,
        64,
        128,
        256,
        512,
        1024,
        2000
      ]
    },
    "1999": {
      "compression_ratio": 0.1907661953851903,
      "total_bits": 604.7145321815437,
      "bits_per_sample": 0.30235726609077185,
      "block_nll_nats": [
        53.381587982177734,
        31.13495635986328,
        44.07206726074219,
        25.19860189408064,
        229.02837324142456,
        1.184993049595505
      ],
      "cumulative_bits": [
        50.718800023076994,
        127.73215227974269,
        172.65039941841172,
        236.23295229720932,
        272.5868502871347,
        603.0049485854045,
        604.7145321815437
      ],
      "timesteps": [
        32,
        64,
        128,
        256,
        512,
        1024,
        2000
      ]
    },
    "1130": {
      "compression_ratio": 0.062464764851725786,
      "total_bits": 198.00861981270057,
      "bits_per_sample": 0.09900430990635029,
      "block_nll_nats": [
        21.92080307006836,
        45.13295936584473,
        24.467741578817368,
        1.041311889886856,
        0.22319414094090462,
        9.307513266801834
      ],
      "cumulative_bits": [
        50.718800023076994,
        82.34383390456819,
        147.45693056231545,
        182.75641999982795,
        184.25871549938643,
        184.58071657967733,
        198.00861981270057
      ],
      "timesteps": [
        32,
        64,
        128,
        256,
        512,
        1024,
        2000
      ]
    }
  }
}