{
  "dataset": "SPMotif_0.5",
  "model": "GNN",
  "backbone": "GraphGPS_encoder",
  "compression_ratio_mean": 0.08482151364449235,
  "compression_ratio_std": 0.009261913263060677,
  "total_bits_mean": 268.87783676185654,
  "total_bits_std": 29.359570413766203,
  "uniform_bits": 3169.9250014423124,
  "num_seeds": 3,
  "per_seed": {
    "28": {
      "compression_ratio": 0.07740495122793274,
      "total_bits": 245.3678901328468,
      "bits_per_sample": 0.12268394506642341,
      "block_nll_nats": [
        89.24254608154297,
        10.566396474838257,
        20.436434030532837,
        14.475550390779972,
        0.13964191311970353,
        0.05989911733195186
      ],
      "cumulative_bits": [
        50.718800023076994,
        179.46857869122383,
        194.71266648553961,
        224.1962085148438,
        245.08001327776034,
        245.28147397331838,
        245.3678901328468
      ],
      "timesteps": [
        32,
        64,
        128,
        256,
        512,
        1024,
        2000
      ]
    },
    "1999": {
      "compression_ratio": 0.09787968829492676,
      "total_bits": 310.2712710594688,
      "bits_per_sample": 0.1551356355297344,
      "block_nll_nats": [
        82.33798217773438,
        48.22734832763672,
        43.0492057800293,
        5.727148070931435,
        0.19878396997228265,
        0.3675951799377799
      ],
      "cumulative_bits": [
        50.718800023076994,
        169.50739858769822,
        239.08475485520435,
        301.1916305482611,
        309.45415866863067,
        309.7409433163179,
        310.2712710594688
      ],
      "timesteps": [
        32,
        64,
        128,
        256,
        512,
        1024,
        2000
      ]
    },
    "1130": {
      "compression_ratio": 0.07917990141061756,
      "total_bits": 250.99434909325402,
      "bits_per_sample": 0.125497174546627,
      "block_nll_nats": [
        96.76580810546875,
        21.77124309539795,
        13.89297965168953,
        2.3305753469467163,
        0.3975166641175747,
        3.6623093094676733
      ],
      "cumulative_bits": [
        50.718800023076994,
        190.3223515044498,
        221.7316159521685,
        241.77494879883227,
        245.13725829429038,
        245.71075361428353,
        250.99434909325402
      ],
      "timesteps": [
        32,
        64,
        128,
        256,
        512,
        1024,
        2000
      ]
    }
  }
}