{
  "dataset": "SPMotif_0.5",
  "model": "CAL",
  "backbone": "GraphGPS_encoder",
  "compression_ratio_mean": 0.08051481263630854,
  "compression_ratio_std": 0.011330161998136475,
  "total_bits_mean": 255.22591756227789,
  "total_bits_std": 35.91576378828441,
  "uniform_bits": 3169.9250014423124,
  "num_seeds": 3,
  "per_seed": {
    "28": {
      "compression_ratio": 0.08783400488220044,
      "total_bits": 278.4272080528933,
      "bits_per_sample": 0.13921360402644667,
      "block_nll_nats": [
        94.11488342285156,
        57.13507843017578,
        3.824271023273468,
        1.8194605261087418,
        0.5590724311769009,
        0.3826751820743084
      ],
      "cumulative_bits": [
        50.718800023076994,
        186.49787561106785,
        268.92636992308445,
        274.44362676337647,
        277.06855344148676,
        277.87512446544343,
        278.4272080528933
      ],
      "timesteps": [
        32,
        64,
        128,
        256,
        512,
        1024,
        2000
      ]
    },
    "1999": {
      "compression_ratio": 0.08919948340154922,
      "total_bits": 282.75567255030944,
      "bits_per_sample": 0.1413778362751547,
      "block_nll_nats": [
        53.59311294555664,
        51.49002456665039,
        54.15586566925049,
        1.0631721913814545,
        0.47692253068089485,
        0.05660607467871159
      ],
      "cumulative_bits": [
        50.718800023076994,
        128.03731829543366,
        202.3217213929911,
        280.45212022906765,
        281.9859534771847,
        282.67400724708625,
        282.75567255030944
      ],
      "timesteps": [
        32,
        64,
        128,
        256,
        512,
        1024,
        2000
      ]
    },
    "1130": {
      "compression_ratio": 0.06451094962517596,
      "total_bits": 204.49487208363084,
      "bits_per_sample": 0.10224743604181542,
      "block_nll_nats": [
        24.020458221435547,
        48.87387657165527,
        20.57329025864601,
        12.173668183386326,
        0.8047867305576801,
        0.14337082067504525
      ],
      "cumulative_bits": [
        50.718800023076994,
        85.37299597902259,
        155.88309533796894,
        185.56407916888676,
        203.12696988648597,
        204.28803171163477,
        204.49487208363084
      ],
      "timesteps": [
        32,
        64,
        128,
        256,
        512,
        1024,
        2000
      ]
    }
  }
}