{
  "dataset": "SPMotif_0.5",
  "model": "CEL",
  "backbone": "GIN_encoder",
  "compression_ratio_mean": 0.32187163729641105,
  "compression_ratio_std": 0.08803224917171883,
  "total_bits_mean": 1020.3089503210653,
  "total_bits_std": 279.0556275826308,
  "uniform_bits": 3169.9250014423124,
  "num_seeds": 3,
  "per_seed": {
    "28": {
      "compression_ratio": 0.19822224580760045,
      "total_bits": 628.3496528275563,
      "bits_per_sample": 0.31417482641377814,
      "block_nll_nats": [
        61.84684753417969,
        159.75627517700195,
        171.4571533203125,
        6.598952628672123,
        0.5938260909169912,
        0.1301422747783363
      ],
      "cumulative_bits": [
        50.718800023076994,
        139.94494025525384,
        370.4245262040072,
        617.7849110241607,
        627.3051872566072,
        628.1618972131236,
        628.3496528275563
      ],
      "timesteps": [
        32,
        64,
        128,
        256,
        512,
        1024,
        2000
      ]
    },
    "1999": {
      "compression_ratio": 0.3962516637685404,
      "total_bits": 1256.088055843009,
      "bits_per_sample": 0.6280440279215045,
      "block_nll_nats": [
        170.64002990722656,
        98.25836181640625,
        163.77297019958496,
        375.6961498260498,
        9.841827140189707,
        17.288962315768003
      ],
      "cumulative_bits": [
        50.718800023076994,
        296.90032494737716,
        438.6571762657799,
        674.9316282043771,
        1216.9466004394963,
        1231.1453556479344,
        1256.088055843009
      ],
      "timesteps": [
        32,
        64,
        128,
        256,
        512,
        1024,
        2000
      ]
    },
    "1130": {
      "compression_ratio": 0.3711410023130922,
      "total_bits": 1176.48914229263,
      "bits_per_sample": 0.588244571146315,
      "block_nll_nats": [
        59.03266906738281,
        149.39244842529297,
        102.70039939880371,
        433.09057998657227,
        34.89951866865158,
        1.2089231554418802
      ],
      "cumulative_bits": [
        50.718800023076994,
        135.8849389370295,
        351.4126834264599,
        499.5780403364299,
        1124.3956723387828,
        1174.7450348514583,
        1176.48914229263
      ],
      "timesteps": [
        32,
        64,
        128,
        256,
        512,
        1024,
        2000
      ]
    }
  }
}