{
  "dataset": "PROTEINS",
  "model": "GNN",
  "backbone": "GIN_encoder",
  "compression_ratio_mean": 0.9107002541422852,
  "compression_ratio_std": 0.02125881892622116,
  "total_bits_mean": 1013.6093828603634,
  "total_bits_std": 23.66106546488416,
  "uniform_bits": 1113.0,
  "num_seeds": 3,
  "per_seed": {
    "28": {
      "compression_ratio": 0.8907278564632239,
      "total_bits": 991.3801042435682,
      "bits_per_sample": 0.8907278564632239,
      "block_nll_nats": [
        19.57857322692871,
        32.232604026794434,
        87.0844783782959,
        203.97052764892578,
        274.4495658874512,
        47.675865173339844
      ],
      "cumulative_bits": [
        32.0,
        60.24591050217148,
        106.74772848656545,
        232.3840735813351,
        526.6513423079455,
        922.5983699879,
        991.3801042435682
      ],
      "timesteps": [
        32,
        64,
        128,
        256,
        512,
        1024,
        1113
      ]
    },
    "1999": {
      "compression_ratio": 0.9012253746093601,
      "total_bits": 1003.0638419402178,
      "bits_per_sample": 0.9012253746093601,
      "block_nll_nats": [
        20.411531448364258,
        30.977380752563477,
        82.32332038879395,
        219.58959770202637,
        274.80697441101074,
        44.98135948181152
      ],
      "cumulative_bits": [
        32.0,
        61.447615197504234,
        106.13852878895679,
        224.9059748633831,
        541.706798498899,
        938.1694576833645,
        1003.0638419402178
      ],
      "timesteps": [
        32,
        64,
        128,
        256,
        512,
        1024,
        1113
      ]
    },
    "1130": {
      "compression_ratio": 0.9401475313542714,
      "total_bits": 1046.384202397304,
      "bits_per_sample": 0.9401475313542714,
      "block_nll_nats": [
        67.32231903076172,
        44.49121284484863,
        105.68756294250488,
        145.31319427490234,
        293.80286979675293,
        46.50039100646973
      ],
      "cumulative_bits": [
        32.0,
        129.1255758068246,
        193.31282794122308,
        345.7877508820151,
        555.4303756381512,
        979.2983188928724,
        1046.384202397304
      ],
      "timesteps": [
        32,
        64,
        128,
        256,
        512,
        1024,
        1113
      ]
    }
  }
}