{
  "dataset": "PROTEINS",
  "model": "ICL",
  "backbone": "GIN_encoder",
  "compression_ratio_mean": 1.111696540350419,
  "compression_ratio_std": 0.19496741551714902,
  "total_bits_mean": 1237.3182494100163,
  "total_bits_std": 216.9987334705868,
  "uniform_bits": 1113.0,
  "num_seeds": 3,
  "per_seed": {
    "28": {
      "compression_ratio": 0.8365338405818171,
      "total_bits": 931.0621645675625,
      "bits_per_sample": 0.8365338405818171,
      "block_nll_nats": [
        19.76705551147461,
        31.242653846740723,
        79.11331176757812,
        154.16386795043945,
        289.57168102264404,
        49.32383441925049
      ],
      "cumulative_bits": [
        32.0,
        60.517832959381266,
        105.5914547282846,
        219.72783728367205,
        442.1392850600321,
        859.9029132532814,
        931.0621645675625
      ],
      "timesteps": [
        32,
        64,
        128,
        256,
        512,
        1024,
        1113
      ]
    },
    "1999": {
      "compression_ratio": 1.2645276824364409,
      "total_bits": 1407.4193105517586,
      "bits_per_sample": 1.2645276824364409,
      "block_nll_nats": [
        28.773658752441406,
        50.216590881347656,
        122.30997467041016,
        160.72337913513184,
        540.4687328338623,
        50.875680923461914
      ],
      "cumulative_bits": [
        32.0,
        73.51161479037853,
        145.95884142524875,
        322.41483533350424,
        554.2896573666757,
        1334.0212179816308,
        1407.4193105517586
      ],
      "timesteps": [
        32,
        64,
        128,
        256,
        512,
        1024,
        1113
      ]
    },
    "1130": {
      "compression_ratio": 1.234028098032999,
      "total_bits": 1373.4732731107279,
      "bits_per_sample": 1.234028098032999,
      "block_nll_nats": [
        32.639183044433594,
        231.1894302368164,
        179.8188934326172,
        155.27173233032227,
        287.78399085998535,
        43.13518714904785
      ],
      "cumulative_bits": [
        32.0,
        79.08838751687148,
        412.6242320254715,
        672.0480578388492,
        896.0578160620437,
        1311.2423525229792,
        1373.4732731107279
      ],
      "timesteps": [
        32,
        64,
        128,
        256,
        512,
        1024,
        1113
      ]
    }
  }
}