{
  "dataset": "PROTEINS",
  "model": "CEL",
  "backbone": "GIN_encoder",
  "compression_ratio_mean": 0.9759524769531996,
  "compression_ratio_std": 0.08523807632017326,
  "total_bits_mean": 1086.235106848911,
  "total_bits_std": 94.86997894435278,
  "uniform_bits": 1113.0,
  "num_seeds": 3,
  "per_seed": {
    "28": {
      "compression_ratio": 0.8585471674527222,
      "total_bits": 955.5629973748798,
      "bits_per_sample": 0.8585471674527222,
      "block_nll_nats": [
        23.037918090820312,
        28.283745765686035,
        98.30763053894043,
        139.20378494262695,
        302.9441509246826,
        48.38785743713379
      ],
      "cumulative_bits": [
        32.0,
        65.2366901820326,
        106.04150993595206,
        247.86944099602584,
        448.6980512057275,
        885.7540754110848,
        955.5629973748798
      ],
      "timesteps": [
        32,
        64,
        128,
        256,
        512,
        1024,
        1113
      ]
    },
    "1999": {
      "compression_ratio": 1.0109846974453103,
      "total_bits": 1125.2259682566303,
      "bits_per_sample": 1.0109846974453103,
      "block_nll_nats": [
        37.749080657958984,
        28.059807777404785,
        168.23140335083008,
        197.8680419921875,
        286.0465908050537,
        39.81157302856445
      ],
      "cumulative_bits": [
        32.0,
        86.46041146335492,
        126.94215699211436,
        369.64876832814787,
        655.1120112606859,
        1067.7900092783316,
        1125.2259682566303
      ],
      "timesteps": [
        32,
        64,
        128,
        256,
        512,
        1024,
        1113
      ]
    },
    "1130": {
      "compression_ratio": 1.0583255659615662,
      "total_bits": 1177.916354915223,
      "bits_per_sample": 1.0583255659615662,
      "block_nll_nats": [
        56.84601974487305,
        48.598642349243164,
        158.63634872436523,
        169.9384422302246,
        315.8912048339844,
        44.37803268432617
      ],
      "cumulative_bits": [
        32.0,
        114.01147078020443,
        184.1244910913939,
        412.9883647007679,
        658.1577125627085,
        1113.8923872371374,
        1177.916354915223
      ],
      "timesteps": [
        32,
        64,
        128,
        256,
        512,
        1024,
        1113
      ]
    }
  }
}