{
  "dataset": "PROTEINS",
  "model": "CEL",
  "backbone": "GraphGPS_encoder",
  "compression_ratio_mean": 1.647881265707084,
  "compression_ratio_std": 0.5380987405987424,
  "total_bits_mean": 1834.0918487319843,
  "total_bits_std": 598.9038982864005,
  "uniform_bits": 1113.0,
  "num_seeds": 3,
  "per_seed": {
    "28": {
      "compression_ratio": 1.0184476455344336,
      "total_bits": 1133.5322294798245,
      "bits_per_sample": 1.0184476455344336,
      "block_nll_nats": [
        39.34819793701172,
        40.112457275390625,
        117.56133270263672,
        180.85918807983398,
        330.3582820892334,
        55.28450107574463
      ],
      "cumulative_bits": [
        32.0,
        88.76745003164415,
        146.63749322072061,
        316.24264491111217,
        577.167298653093,
        1053.7735539398273,
        1133.5322294798245
      ],
      "timesteps": [
        32,
        64,
        128,
        256,
        512,
        1024,
        1113
      ]
    },
    "1999": {
      "compression_ratio": 1.5922126410120276,
      "total_bits": 1772.1326694463867,
      "bits_per_sample": 1.5922126410120276,
      "block_nll_nats": [
        47.0070686340332,
        90.12655639648438,
        219.82215118408203,
        374.7686347961426,
        419.78025817871094,
        54.663384437561035
      ],
      "cumulative_bits": [
        32.0,
        99.81686480504683,
        229.84200077065432,
        546.9783281614734,
        1087.6551790625954,
        1693.2700758001104,
        1772.1326694463867
      ],
      "timesteps": [
        32,
        64,
        128,
        256,
        512,
        1024,
        1113
      ]
    },
    "1130": {
      "compression_ratio": 2.3329835105747905,
      "total_bits": 2596.610647269742,
      "bits_per_sample": 2.3329835105747905,
      "block_nll_nats": [
        176.64956665039062,
        116.37581634521484,
        232.21543502807617,
        839.086109161377,
        370.3672456741333,
        42.95846652984619
      ],
      "cumulative_bits": [
        32.0,
        286.85145378170296,
        454.7462669023492,
        789.7623234352279,
        2000.3076920011617,
        2534.6346806429383,
        2596.610647269742
      ],
      "timesteps": [
        32,
        64,
        128,
        256,
        512,
        1024,
        1113
      ]
    }
  }
}